Workbook

Sheet RESUMEN
E5: DEPTO. | F5: LONG. (m.l.)
D6: 1 | E6: CONCEPCIÓN | F6: ='01 Concepción'!G17 -> 102
D7: 2 | E7: SAN PEDRO | F7: ='02 San Pedro'!E17 -> 200
D8: 3 | E8: CORDILLERA | F8: ='03 Cordillera'!E15 -> 84
D9: 4 | E9: GUAIRÁ | F9: ='04 Guairá'!G29 -> 206
D10: 5 | E10: CAAGUAZÚ | F10: ='05 Caaguazú'!H15 -> 151
D11: 6 | E11: CAAZAPÁ | F11: ='06 Caazapá'!D33 -> 157
D12: 7 | E12: ITAPÚA | F12: ='07 Itapúa'!G24 -> 154
D13: 8 | E13: MISIONES | F13: ='08 Misiones'!G14 -> 72
D14: 9 | E14: PARAGUARÍ | F14: ='09 Paraguarí'!G24 -> 132
D15: 10 | E15: ALTO PARANÁ | F15: ='10 Alto Paraná'!G15 -> 105
D16: 12 | E16: ÑEEMBUCÚ | F16: ='12 Ñeembucú'!E20 -> 86
D17: 14 | E17: CANINDEYÚ | F17: ='14 Canindeyú'!H31 -> 272
E18: TOTAL | F18: =SUM(F6:F17) -> 1721

Sheet PAQUETE 
E5: DEPTO. | F5: LONG. (m.l.)
D6: 1 | E6: CONCEPCIÓN | F6: =+RESUMEN!F6 -> 102
E7: SAN PEDRO | F7: =+RESUMEN!F7 -> 200
E8: CORDILLERA | F8: =+RESUMEN!F8 -> 84
E9: Total | F9: =SUM(F6:F8) -> 386
D10: 2 | E10: CAAGUAZÚ | F10: =+RESUMEN!F10 -> 151
E11: ALTO PARANÁ | F11: =+RESUMEN!F15 -> 105
E12: CANINDEYÚ | F12: =+RESUMEN!F17 -> 272
E13: Total | F13: =SUM(F10:F12) -> 528
D15: 3 | E15: GUAIRÁ | F15: =+RESUMEN!F9 -> 206
E16: CAAZAPÁ | F16: =+RESUMEN!F11 -> 157
E17: PARAGUARÍ | F17: =+RESUMEN!F14 -> 132
E18: Total | F18: =SUM(F15:F17) -> 495
D19: 4 | E19: ITAPÚA | F19: =+RESUMEN!F12 -> 154
E20: MISIONES | F20: =+RESUMEN!F13 -> 72
E21: ÑEEMBUCÚ | F21: =+RESUMEN!F16 -> 86
E22: Total | F22: =SUM(F19:F21) -> 312
E24: TOTAL | F24: =+F9+F13+F18+F22 -> 1721

Sheet 01 Concepción
A1: LISTADO DE PUENTES DE CONCEPCIÓN
B2: TIPO DE VIA | C2: DESCRIPCION | D2: PGM | E2: PRIORIDAD | G2: Relevamiento de puentes | O2: LONGUITUD TOTAL (KM)
C3: ORIGEN - DESTINO | F3: RANGO | G3: Largo (m) | H3: Ancho (m) | I3: Tipo | J3: Coordenadas UTM | K3: TIPO DE SUPERFICIE POR TRAMO | L3: ESTADO DEL TRAMO | N3: NIVEL DE INTERVENCION (U$S) | Q3: LONGUITUD A PROYECTAR (KM) | R3: DISTRITO
A4: Codigo | C4: Origen - Destino
A5: 132012 | B5: 2° Orden | C5: Zanja Pyta - Capitan Bado | D5: Mejoramiento y Rehabilitación | E5: 1 | F5: ALTA | G5: NO POSEE | K5: TIERRA | L5: B | N5: 5271000 | O5: 87.85 | Q5: 87.85
A7: V1-112-B | C7: PASO BARRETO - CRUCE X | E7: 15 | F7: BAJA | G7: 30 | H7: 4 | I7: PM | J7: 21K 464281 7456246 | R7: Concepción
A8: V1-113-B | C8: RUTA V KM 21 - LAS PALMAS | E8: 9 | F8: MEDIA | G8: 7 | H8: 3 | I8: PM | J8: 21K 471782 7419193 | R8: Concepción
A9: V1-159-C | C9: CURUZU ÑU - ROBERTO L. PETIT | E9: 26 | F9: ALTA | G9: 6 | H9: 4 | I9: PM | J9: 21K 458340 7430807 | R9: Concepción
A10: V1-158-C | C10: COSTA PUCU - MBOCAYATY | E10: 44 | F10: MEDIA | G10: 12 | H10: 3 | I10: PM | J10: 21K 459379 7425970 | R10: Concepción
A11: V1-155-C | C11: CONCEPCIÓN - MARIA AUXILIADORA | E11: 2 | F11: ALTA | G11: 6 | H11: 5 | I11: PM | J11: 21K 460058 7412237 | R11: Concepción
A12: V1-377-C | C12: RUTA V - CALLE 12 NORTE | E12: 9 | F12: ALTA | G12: 5 | H12: 4 | I12: PM | J12: 21K 508322 7439014 | R12: Horqueta
G13: 6 | H13: 4 | I13: PM | J13: 21K 512919 7433374 | R13: Horqueta
A14: V1-371-C | C14: RUTA V - CALLE 9 NORTE | E14: 30 | F14: MEDIA | G14: 20 | H14: 3 | I14: PM | J14: 21K 508006 7429573 | R14: Horqueta
A15: V1-389-C | C15: RUTA V - CALLE 20 NORTE | E15: 58 | F15: MEDIA | G15: 10 | H15: 4 | I15: PM | J15: 21K 526683 7441681 | R15: Horqueta
F17: lon total: | G17: =SUM(G7:G15) -> 102
K23: TIERRA | L23: M | N23: 1632000 | O23: 27.2 | Q23: 27.2
K24: TIERRA | L24: M | N24: 2108400 | O24: 35.14 | Q24: 35.14
Q25: =SUM(Q5:Q24) -> 150.19

Sheet 02 San Pedro
A1: SAN PEDRO
A2: Planilla de Puentes
A4: CODIGO | B4: NOMBRE | C4: TIPO DE MATERIAL | D4: DIMENSIONES | F4: COORD GPS | G4: DISTRITO
D5: ANCHO | E5: LARGO
B6: Tacuati - Nva Germania | C6: Madera | D6: 3 | E6: 27 | F6: 21K 529739 7368470 | G6: Nva. Germania
B7: Santa Rosa del Aguaray - Arroyo Atâ | C7: Madera | D7: 4 | E7: 30 | F7: 21J 542680 7374625 | G7: Nva. Germania
C8: Madera | D8: 4 | E8: 10 | F8: 21J 541432 7375256 | G8: Nva. Germania
B9: Calle Ma. Auxiliadora - Choré | C9: Madera | D9: 4 | E9: 12 | F9: 21J 548850 7328820 | G9: Choré
B10: Primavera Real - Yrybucuá | C10: Madera | D10: 4 | E10: 6 | F10: 21J 580784 7293385 | G10: Yrybucuá
C11: Madera | D11: 4 | E11: 8 | F11: 21J 582736 7297366 | G11: Yrybucuá
C12: Madera | D12: 4 | E12: 10 | F12: 21J 592031 7293396 | G12: Yrybucuá
C13: Madera | D13: 4 | E13: 12 | F13: 21J 592096 7292304 | G13: Yrybucuá
B14: Costa Po'i - Toro Ñu - Compañía Costa Ykuá | C14: Madera | D14: 4 | E14: 13 | F14: 21J 546172 7380813 | G14: Nva. Germania
B15: Calle San Isidro Este - Paraguay Pyahu - Amistad | C15: Madera | D15: 4 | E15: 36 | F15: 21J 563392 7312395 | G15: Liberación
B16: Ruta 3 - Colonia Felicidad | C16: Madera | D16: 4 | E16: 36 | F16: 21J 561297 7324694 | G16: Liberación
D17: Total | E17: =SUM(E6:E16) -> 200

Sheet 03 Cordillera
A1: LISTADO DE PUENTES DE CORDILLERA
A2: CODIFICACION DE IDENTIFICACION DEL CAMINO VECINAL DE 2º ORDEN | B2: DESCRIPCION | C2: ORDEN DE PRIORIDAD | D2: IMPORTANCIA | E2: Relevamiento de puentes | I2: DISTRITO
B3: ORIGEN - DESTINO | E3: Largo (m) | F3: Ancho (m) | G3: Tipo | H3: Coordenadas UTM
A6: Codigo | B6: Origen - Destino
A7: 33052 | B7: Empalme Ruta 3 Guayaivity - Siraty | C7: 36 | D7: MEDIA | E7: 9 | F7: 4 | G7: PM | H7: 21J 471796 7221870 | I7: Emboscada
A8: 3235 | B8: Tovati - Potrerito (Empalme Ruta Arroyos y Esteros - 1° de Marzo) | C8: 35 | D8: BAJA | E8: 25 | F8: 4 | G8: PM | H8: 21J 494729 7214182 | I8: Tobatí
E9: 12 | F9: 4 | G9: PM | H9: 21J 494435 7213279 | I9: Tobatí
A10: 33116 | B10: Tayu Cañada - Empalme Camino a Atyra - Empalme Ruta 2 | C10: 66 | D10: MEDIA | E10: 12 | F10: 5 | G10: PM | H10: 21J 480893 7202466 | I10: San Bernardino
A11: 33031 | B11: Empalme Camino a Eusebio Ayala - Mompox Acosta Ñu | C11: 91 | D11: BAJA | E11: 6 | F11: 3 | G11: PM | H11: 21J 501432 7206251 | I11: Eusebio Ayala
A12: 3225 | B12: Itacuribi de la Cordillera - Isla Pucu | C12: 15 | D12: MEDIA | E12: 6 | F12: 3 | G12: PM | H12: 21J 514959 7187482 | I12: Itacurubí
A13: 3248 | B13: Loma Jovy (Empalme Ruta Itacurubí - Valenzuela) - Cariloma (Empalme Ruta 2) | C13: 29 | D13: MEDIA | E13: 8 | F13: 4 | G13: PM | H13: 21J 517804 7180094 | I13: Itacurubí
A14: 3249 | B14: Valenzuela - Potrero Oculto | C14: 37 | D14: BAJA | E14: 6 | F14: 5 | G14: PM | H14: 21J 515779 7170689 | I14: Valenzuela
D15: LONG. TOTAL | E15: =SUM(E7:E14) -> 84

Sheet 04 Guairá
A1: LISTADO DE PUENTES DE GUAIRA
B2: TIPO DE VIA | C2: DESCRIPCION | D2: PGM | E2: PRIORIDAD | G2: Relevamiento de puentes | O2: LONGUITUD TOTAL (KM) | R2: DISTRITO
C3: ORIGEN - DESTINO | F3: RANGO | G3: Largo (m) | H3: Ancho (m) | I3: Tipo | J3: Coordenadas UTM | K3: TIPO DE SUPERFICIE POR TRAMO | L3: ESTADO DEL TRAMO | N3: NIVEL DE INTERVENCION (U$S) | Q3: LONGUITUD A PROYECTAR (KM)
A4: Codigo | C4: Origen - Destino
A5: V041104 | C5: LOMA BARRERO OESTE - EMPALME V041105 | E5: 154 | F5: MEDIA | G5: 8 | H5: 4 | I5: PM | J5: 21J 557189 7160736 | R5: Mbocayaty
G6: 6 | H6: 4 | I6: PM | J6: 21J 557241 7160819 | R6: Mbocayaty
A7: V041102 | C7: MBOCAYATY - SANTA BARBARA NORESTE | E7: 113 | F7: MEDIA | G7: 12 | H7: 4 | I7: PM | J7: 21J 560273 7156153 | R7: Mbocayaty
A8: V041202 | C8: NATALICIO TALAVERA - EMPALME V041203 | E8: 43 | F8: ALTA | G8: 6 | H8: 6 | I8: PM | J8: 21J 571200 7161754 | R8: Natalicio Talavera
G9: 12 | H9: 4 | I9: PM | J9: 21J 572471 7162195 | R9: Natalicio Talavera
G10: 6 | H10: 4 | I10: PM | J10: 21J 575261 7162644 | R10: Natalicio Talavera
A11: V041719 | C11: PASO YOBAY - MANGRULLO | E11: 32 | F11: ALTA | G11: 12 | H11: 4 | I11: PM | J11: 21J 600373 7155219 | R11: Paso Yobai
G12: 8 | H12: 4 | I12: PM | J12: 21J 599998 7153675 | R12: Paso Yobai
G13: 8 | H13: 4 | I13: PM | J13: 21J 604406 7144582 | R13: Paso Yobai
G14: 6 | H14: 4 | I14: PM | J14: 21J 604465 7144482 | R14: Paso Yobai
G15: 8 | H15: 4 | I15: PM | J15: 21J 605899 7144963 | R15: Paso Yobai
G16: 10 | H16: 4 | I16: PM | J16: 21J 608899 7143338 | R16: Paso Yobai
G17: 10 | H17: 4 | I17: PM | J17: 21J 609130 7143117 | R17: Paso Yobai
G18: 10 | H18: 4 | I18: PM | J18: 21J 609728 7142815 | R18: Paso Yobai
G19: 10 | H19: 4 | I19: PM | J19: 21J 609743 7142800 | R19: Paso Yobai
A20: V040734 | C20: COL. INDEPENDENCIA - SANTA CECILIA | E20: 30 | F20: ALTA | G20: 22 | H20: 4 | I20: PM | J20: 21J 578762 7155167 | R20: Col. Independencia
A21: V040718 | C21: SANTA CECILIA - YROYSA 8VA LINEA ESTE | E21: 37 | F21: ALTA | G21: 6 | H21: 6 | I21: PM | J21: 21J 583716 7147646 | R21: Col. Independencia
C22: DESVÍO PIRECA - POTRERO DEL CARMEN | E22: 15 | F22: ALTA | G22: 6 | H22: 6 | I22: PM | J22: 21J 591178 7145218 | R22: Col. Independencia
G23: 6 | H23: 6 | I23: PM | J23: 21J 591371 7152375 | R23: Col. Independencia
G24: 12 | H24: 6 | I24: PM | J24: 21J 591184 7151589 | R24: Col. Independencia
A25: V040817 | C25: ITAPE - RUTA BOQUERON | E25: 31 | F25: ALTA | G25: 6 | H25: 4 | I25: PM | J25: 21J 538661 7139842 | R25: Itapé
A26: V040910 | C26: ITURBE - CAATYMI ESTE | E26: 64 | F26: ALTA | G26: 6 | H26: 4 | I26: PM | J26: 21J 559515 7115065 | R26: Iturbe
G27: 10 | H27: 4 | I27: PM | J27: 21J 560032 7114851 | R27: Iturbe
F29: lon total: | G29: =SUM(G5:G27) -> 206
K35: TIERRA | L35: M | N35: 1632000 | O35: 27.2 | Q35: 27.2
K36: TIERRA | L36: M | N36: 2108400 | O36: 35.14 | Q36: 35.14
Q37: =SUM(Q5:Q36) -> 62.34

Sheet 05 Caaguazú
A1: LISTADO DE PUENTES DE CAAGUAZU
A2: CODIFICACION DE IDENTIFICACION DEL CAMINO VECINAL DE 2º ORDEN | B2: TIPO DE VIA | C2: DESCRIPCION | D2: PGM | F2: PRIORIDAD | H2: Relevamiento de puentes | P2: LONGUITUD TOTAL (KM) | S2: DISTRITO
C3: ORIGEN - DESTINO | E3: IMPORTANCIA | G3: RANGO | H3: Largo (m) | I3: Ancho (m) | J3: Tipo | K3: Coordenadas UTM | L3: TIPO DE SUPERFICIE POR TRAMO | M3: ESTADO DEL TRAMO | O3: NIVEL DE INTERVENCION (U$S) | R3: LONGUITUD A PROYECTAR (KM)
A4: Codigo | C4: Origen - Destino
A5: CV 005-3-6 | B5: 2° Orden | C5: Cecilio Baez - Tacuaral - Comisaría Cue | D5: Mejoramiento y Rehabilitación | G5: Contrato | H5: 6 | I5: 4 | J5: PM | K5: 21J 579684 7221170 | S5: Cecilio Báez
H6: 30 | I6: 4 | J6: PM | K6: 21J 579042 7224003 | S6: Cecilio Báez
H7: 6 | I7: 4 | J7: PM | K7: 21J 578014 7221501 | S7: Cecilio Báez
A8: CV-005-32 | C8: Ruta 2 - Nueva Londres | G8: Contrato | H8: 18 | I8: 4 | J8: PM | K8: 21J 544217 7189192 | S8: Nva. Londres
A9: CV 005-4-11 | C9: La Novia - Espinillo | G9: Contrato | H9: 24 | I9: 4 | J9: PM | K9: 21J 545110 7185626 | S9: Nva. Londres
A10: CV-005-4-13 | C10: Calle 261 - Compañía Yhaca | G10: Contrato | H10: 6 | I10: 6 | J10: PM | K10: 21J 527541 7167499 | S10: San José De Los Arroyos
H11: 6 | I11: 6 | J11: PM | K11: 21J 528160 7167001 | S11: San José De Los Arroyos
C12: Mojón 7 - Guayaki Cua | G12: PVP BM | H12: 9 | I12: 4 | J12: PM | K12: 21J 602541 7210905 | S12: Caaguazú
B13: 2° Orden | C13: Camino 029 - Campo 9 - San Antonio | D13: Mejoramiento y Rehabilitación | G13: PVP BM | H13: 16 | I13: 8 | J13: PM | K13: 21J 628389 7185757 | L13: RIPIO / TIERRA | M13: Ripio * | N13: R | O13: 2400000 | P13: 40 | R13: 40 | S13: Juan Manuel Frutos
H14: 30 | I14: 5 | J14: PM | K14: 21J 631777 7177164 | S14: Juan Manuel Frutos
G15: lon total: | H15: =SUM(H5:H14) -> 151

Sheet 06 Caazapá
A2: CAAZAPA
A3: Planilla de Puentes
A6: CODIGO | B6: NOMBRE | C6: TIPO DE MATERIAL | D6: DIMENSIONES | F6: COORD GPS | G6: DISTRITO
D7: Largo | E7: Ancho
A8: CV-06-001 | B8: Enramadita - Cantina Cué | C8: Hormigon Aº | D8: 12 | E8: 6 | F8: 21J 632194 7105786
C9: Hormigon Aº | D9: 18 | E9: 6 | F9: 21J 632399 7107874
C10: Hormigon Aº | D10: 6 | E10: 6 | F10: 21J 631978 7111065
A11: CV-06-004 | B11: Abaí - Durazno - Cnia. Km 50 | C11: Madera | D11: 6 | E11: 4 | F11: 21J 601006 7121426 | G11: Gral. Morínigo
A12: CV-06-008 | B12: Gral. Morínigo - San Antonio - Caazapá | C12: Madera | D12: 30 | E12: 4 | F12: 21J 574585 7106533 | G12: Caazapá
C13: Madera | D13: 12 | E13: 4 | F13: 21J 571524 7105878 | G13: Caazapá
A14: CV-06-011 | B14: Ruta Nº8 - Caracaraí - San Miguel (Loteí) | C14: Madera | D14: 12 | E14: 4 | F14: 21J 537291 7099023 | G14: Maciel
C15: Madera | D15: 5 | E15: 4 | F15: 21J 537357 7099100 | G15: Maciel
C16: Madera | D16: 12 | E16: 4 | F16: 21J 546838 7101133 | G16: Maciel
C17: Madera | D17: 6 | E17: 4 | F17: 21J 548841 7102689 | G17: Maciel
C18: Madera | D18: 6 | E18: 4 | F18: 21J 533741 7093149 | G18: Maciel
C19: Madera | D19: 12 | E19: 4 | F19: 21J 533780 7092774 | G19: Maciel
C20: Madera | D20: 6 | E20: 4 | F20: 21J 532730 7088814 | G20: Moisés Bertoni
A21: CV-06-012 | B21: Desvío Loteí - Corralito | C21: Madera | D21: 6 | E21: 4 | F21: 21J 536021 7090868 | G21: Moisés Bertoni
A22: CV-06-019 | B22: Boqueron - Buena Vista | C22: Madera | D22: 6 | E22: 4 | F22: 21J 575047 7100051 | G22: Caazapá
C23: Madera | D23: 5 | E23: 4 | F23: 21J 575925 7102509 | G23: Caazapá
C24: Madera | D24: 6 | E24: 4 | F24: 21J 578457 7102431 | G24: Caazapá
C25: Madera | D25: 6 | E25: 4 | F25: 21J 586429 7106107 | G25: Caazapá
C26: Madera | D26: 7 | E26: 4 | F26: 21J 590448 7105755 | G26: Buena Vista
A27: CV-06-020 | B27: Cruce Borda - San Agustin | C27: Madera | D27: 6 | E27: 4 | F27: 21J 609882 7133052 | G27: Abaí
A28: V-06-0500 | B28: Santa María - Pindoyú | C28: Madera | D28: 8 | E28: 4 | F28: 21J 594484 7117906 | G28: Gral. Morínigo
A29: CV-06-22 | B29: Abai - Taruma - Tuna | C29: Hormigon Aº | D29: 40 | E29: 4
C30: Hormigon Aº | D30: 10 | E30: 4
C31: Hormigon Aº | D31: 7.5 | E31: 4
C32: Hormigon Aº | D32: 8 | E32: 4
C33: Total | D33: =SUM(D11:D28) -> 157
C34: FAPEP | D34: 7 | E34: =#REF!+#REF!+#REF!+#REF!+#REF!+#REF!+#REF! -> #REF!
C35: Hormigon Aº | D35: 13 | E35: =D32+D31+D30+D29+#REF!+#REF!+#REF!+#REF!+#REF!+#REF!+D10+D9+D8 -> #REF!
C36: TOTAL | D36: =#REF!+D35 -> #REF! | E36: =#REF!+E35 -> #REF!

Sheet 07 Itapúa
A1: LISTADO DE PUENTES DE ITAPUA
B2: TIPO DE VIA | C2: DESCRIPCION | D2: PGM | E2: PRIORIDAD | G2: Relevamiento de puentes | P2: LONGUITUD TOTAL (KM) | S2: DISTRITO
C3: ORIGEN - DESTINO | F3: RANGO | G3: Largo (m) | H3: Ancho (m) | I3: Tipo | J3: Coordenadas UTM | L3: TIPO DE SUPERFICIE POR TRAMO | M3: ESTADO DEL TRAMO | O3: NIVEL DE INTERVENCION (U$S) | R3: LONGUITUD A PROYECTAR (KM)
A4: Codigo | C4: Origen - Destino
A5: 132012 | B5: 2° Orden | C5: Zanja Pyta - Capitan Bado | D5: Mejoramiento y Rehabilitación | E5: 1 | F5: ALTA | G5: NO POSEE | L5: TIERRA | M5: B | O5: 5271000 | P5: 87.85 | R5: 87.85
A7: 102 | C7: ARTIGAS FRAM - EMPALME RUTA I | E7: 12 | F7: MEDIA | G7: 7 | H7: 5 | I7: PM | J7: 21J | K7: 585391 7015764 | S7: Gral. Artigas
A8: 1026 | C8: GUAZU YCUA - GRAL ARTIGAS | E8: 29 | F8: ALTA | G8: 7 | H8: 5 | I8: PM | J8: 21J | K8: 583435 7020163 | S8: San Pedro del Paraná
G9: 7 | H9: 4 | I9: PM | J9: 21J | K9: 592054 7018775 | S9: San Pedro del Paraná
G10: 6 | H10: 5 | I10: PM | J10: 21J | K10: 598566 7017989 | S10: San Pedro del Paraná
A11: 1214 | C11: EMPALME 121 - EMPALME 141 | E11: 39 | F11: ALTA | G11: 6 | H11: 6 | I11: PM | J11: 21J | K11: 629292 7014512 | S11: Obligado
G12: 9 | H12: 5 | I12: PM | J12: 21J | K12: 637902 7022895 | S12: Bella Vista
A13: 1612 | C13: LAPACHAL - RUTA VI | E13: 36 | F13: ALTA | G13: 12 | H13: 6 | I13: PM | J13: 21J | K13: 631613 7017625 | S13: Obligado
G14: 7 | H14: 5 | I14: PM | J14: 21J | K14: 632995 7016206 | S14: Obligado
G15: 10 | H15: 5 | I15: PM | J15: 21J | K15: 645961 7002877 | S15: Bella Vista
A16: 1607 | C16: SANTA LIBRADA - EMPALME 1607 | E16: 28 | F16: ALTA | G16: 20 | H16: 4 | I16: PM | J16: 21J | K16: 677141 7046575 | S16: Edelira
A17: 4009 | C17: EDELIRA K65 - EDELIRA KM54 | E17: 7 | F17: ALTA | G17: 7 | H17: 5 | I17: PM | J17: 21J | K17: 656776 7056248 | S17: Edelira
G18: 12 | H18: 6 | I18: PM | J18: 21J | K18: 661240 7056853 | S18: Edelira
A19: 1243 | C19: EDELIRA - EDELIRA KM54 | E19: 1 | F19: ALTA | G19: 12 | H19: 5 | I19: PM | J19: 21J | K19: 659673 7049765 | S19: Edelira
G20: 12 | H20: 5 | I20: PM | J20: 21J | K20: 659522 7049081 | S20: Edelira
A21: 1618 | C21: RUTA VI - EMPALME 1617 | E21: 21 | F21: ALTA | G21: 10 | H21: 4 | I21: PM | J21: 21J | K21: 666963 7063987 | S21: Edelira
A22: 1707 | C22: SAN RAFAEL - EMPALME 127 | E22: 19 | F22: ALTA | G22: 10 | H22: 4 | I22: PM | J22: 21J | K22: 710007 7051908 | S22: San Rafel del Paraná
F24: lon total: | G24: =SUM(G7:G22) -> 154
L30: TIERRA | M30: M | O30: 1632000 | P30: 27.2 | R30: 27.2
L31: TIERRA | M31: M | O31: 2108400 | P31: 35.14 | R31: 35.14
R32: =SUM(R5:R31) -> 150.19

Sheet 08 Misiones
A1: LISTADO DE PUENTES DE MISIONES
A2: CODIFICACION DE IDENTIFICACION DEL CAMINO VECINAL DE 2º ORDEN | B2: TIPO DE VIA | C2: DESCRIPCION | D2: PGM | E2: PRIORIDAD | G2: Relevamiento de puentes | O2: LONGUITUD TOTAL (KM) | R2: DISTRITO
C3: ORIGEN - DESTINO | F3: RANGO | G3: Largo (m) | H3: Ancho (m) | I3: Tipo | J3: Coordenadas UTM | K3: TIPO DE SUPERFICIE POR TRAMO | L3: ESTADO DEL TRAMO | N3: NIVEL DE INTERVENCION (U$S) | Q3: LONGUITUD A PROYECTAR (KM)
A4: Codigo | C4: Origen - Destino
A5: V 080413 | C5: COMPAÑÍA SAN PEDRO - YSYPO | E5: 13 | F5: ALTA | G5: 7 | H5: 4 | I5: PM | J5: 21J494681 7047908 | R5: San Miguel
A6: V 080304 | C6: RUTA 1 SAN BLAS - HECTOR CUE RUTA A SANTA MARIA | E6: 37 | F6: ALTA | G6: 17 | H6: 4 | I6: PM | J6: 21J500378 7027589 | R6: San Ignacio
A7: V 080504 | C7: SAN PATRICIO SANTA TERESA - CONCEPCION EMPALME V080503 | E7: 21 | F7: ALTA | G7: 5 | H7: 4 | I7: PM | J7: 21J514852 7016025 | R7: Santa Rosa
G8: 5 | H8: 4 | I8: PM | J8: 21J513704 7012755 | R8: Santa Rosa
A9: V 080807 | C9: SAN ANTONIO - SAN FELIPE - SANTIAGO | E9: 59 | F9: ALTA | G9: 8 | H9: 4 | I9: PM | J9: 21J532453 7008405 | R9: Santiago
G10: 5 | H10: 4 | I10: PM | J10: 21J532004 6998930 | R10: Santiago
G11: 10 | H11: 4 | I11: PM | J11: 21J531809 6998613 | R11: Santiago
G12: 10 | H12: 4 | I12: PM | J12: 21J531704 6998444 | R12: Santiago
A13: V 081005 | C13: PANCHITO LOPEZ -EMPALME V081003 | E13: 24 | F13: ALTA | G13: 5 | H13: 5 | I13: PM | J13: 21J471978 6970894 | R13: Yabebyry
F14: lon total: | G14: =SUM(G5:G13) -> 72

Sheet 09 Paraguarí
A1: LISTADO DE PUENTES DE PARAGUARI
A2: CODIFICACION DE IDENTIFICACION DEL CAMINO VECINAL DE 2º ORDEN | B2: TIPO DE VIA | C2: DESCRIPCION | D2: PGM | E2: PRIORIDAD | G2: Relevamiento de puentes | O2: LONGUITUD TOTAL (KM) | R2: DISTRITO
C3: ORIGEN - DESTINO | F3: RANGO | G3: Largo (m) | H3: Ancho (m) | I3: Tipo | J3: Coordenadas UTM | K3: TIPO DE SUPERFICIE POR TRAMO | L3: ESTADO DEL TRAMO | N3: NIVEL DE INTERVENCION (U$S) | Q3: LONGUITUD A PROYECTAR (KM)
A4: Codigo | C4: Origen - Destino
A5: 132012 | B5: 2° Orden | C5: Zanja Pyta - Capitan Bado | D5: Mejoramiento y Rehabilitación | E5: 1 | F5: ALTA | G5: NO POSEE | K5: TIERRA | L5: B | N5: 5271000 | O5: 87.85 | Q5: 87.85
A7: V 090901 | B7: AZCURRA ESTE | C7: AZCURRA ESTE - EMPALME V 090907 | E7: 19 | F7: ALTA | G7: 12 | H7: 3 | I7: PM | J7: 21J482329 7182669 | R7: Pirayú
A8: V 090101 | C8: COMANDO ARTILLERIA - MBATOVI NORTE | E8: 39 | F8: ALTA | G8: 6 | H8: 4 | I8: PM | J8: 21J486996 7174323 | R8: Paraguarí
G9: 8 | H9: 4 | I9: PM | J9: 21J483112 7178692 | R9: Pirayú
G10: 6 | H10: 4 | I10: PM | J10: 21J486864 7171615 | R10: Paraguarí
A11: V 091306 | C11: SAPUCAI - GUAZU CUA | E11: 46 | F11: ALTA | G11: 12 | H11: 4 | I11: PM | J11: 21J505963 7160731 | R11: Sapucai
A12: V 090225 | C12: ACAHAY - RUTA ACAHAY CARAPEGUA YEGUARIZO | E12: 54 | F12: ALTA | G12: 5 | H12: 4 | I12: PM | J12: 21J486365 7136266 | R12: Acahay
G13: 6 | H13: 4 | I13: PM | J13: 21J487132 7135508 | R13: Acahay
G14: 6 | H14: 4 | I14: PM | J14: 21J487488 7135469 | R14: Acahay
A15: V 090301 | C15: CAAPUCU - YAGARETECUA ESTE | E15: 60 | F15: ALTA | G15: 9 | H15: 3 | I15: PM | J15: 21J485504 7104112 | R15: Caapucú
G16: 7 | H16: 3 | I16: PM | J16: 21J482220 7099751 | R16: Caapucú
G17: 10 | H17: 3 | I17: PM | J17: 21J482103 7099557 | R17: Caapucú
A18: V 090801 | C18: COSTA PUCU SUR - ISLA NARANJA NORTE | E18: 107 | F18: ALTA | G18: 12 | H18: 5 | I18: PM | J18: 21J528042 7119422 | R18: Mbuyapey
A19: V 090908 | C19: ARROYO PORA - GUAZU CUA | E19: 192 | F19: MEDIA | G19: 12 | H19: 4 | I19: PM | J19: 21J498853 7162467 | R19: Sapucai
A20: V 090318 | C20: RUTA 1 - ITAPE CURUCAO NORTE | E20: 173 | F20: MEDIA | G20: 7 | H20: 4 | I20: PM | J20: 21J478349 7108364 | R20: Caapucú
A21: V 090907 | C21: PIRAYU ESTE - EMPALME V090901 | E21: 185 | F21: MEDIA | G21: 8 | H21: 4 | I21: PM | J21: 21J479636 7181296 | R21: Pirayú
G22: 6 | H22: 4 | I22: PM | J22: 21J480536 7180435 | R22: Pirayú
F24: lon total: | G24: =SUM(G7:G22) -> 132
K30: TIERRA | L30: M | N30: 1632000 | O30: 27.2 | Q30: 27.2
K31: TIERRA | L31: M | N31: 2108400 | O31: 35.14 | Q31: 35.14
Q32: =SUM(Q5:Q31) -> 150.19

Sheet 10 Alto Paraná
A1: LISTADO DE PUENTES DE ALTO PARANA
B2: TIPO DE VIA | C2: DESCRIPCION | D2: PGM | E2: PRIORIDAD | G2: Relevamiento de puentes | P2: LONGUITUD TOTAL (KM) | S2: DISTRITO
C3: ORIGEN - DESTINO | F3: RANGO | G3: Largo (m) | H3: Ancho (m) | I3: Tipo | J3: Coordenadas UTM | L3: TIPO DE SUPERFICIE POR TRAMO | M3: ESTADO DEL TRAMO | O3: NIVEL DE INTERVENCION (U$S) | R3: LONGUITUD A PROYECTAR (KM)
A4: Codigo | C4: Origen - Destino
A5: 132012 | B5: 2° Orden | C5: Zanja Pyta - Capitan Bado | D5: Mejoramiento y Rehabilitación | E5: 1 | F5: ALTA | G5: NO POSEE | L5: TIERRA | M5: B | O5: 5271000 | P5: 87.85 | R5: 87.85
A7: 2271 | C7: COL. CAATIMIRI - ARROYO GUAZU | E7: 5 | F7: ALTA | G7: 15 | H7: 4 | I7: PM | J7: 21J | S7: Minga Porá
A8: 2281 | C8: SAN ANTONIO - CRISTO REY | E8: 13 | F8: ALTA | G8: 40 | H8: 4 | I8: PM | J8: 21J | K8: 694378 7224563 | S8: Itakyry
G9: 10 | H9: 4 | I9: PM | J9: 21J | K9: 701704 7223382 | S9: Itakyry
A10: 2821 | C10: CALLE 20 MONDAY | E10: 22 | F10: ALTA | G10: 6 | H10: 6 | I10: PM | J10: 21J | K10: 720757 7176157 | S10: Minga Guazú
G11: 10 | H11: 5 | I11: PM | J11: 21J | K11: 721439 7184718 | S11: Minga Guazú
A12: 2805 | C12: CAARENDY GUAZU - SANTA ROSA | E12: 16 | F12: ALTA | G12: 12 | H12: 5 | I12: PM | J12: 21J | K12: 674588 7178054 | S12: Juan León Mallorquín
A13: 2803 | C13: LOMA TAJY - VILLA SAN JUAN | E13: 24 | F13: ALTA | G13: 12 | H13: 4 | I13: PM | J13: 21J | K13: 670286 7180925 | S13: Juan León Mallorquín
F15: lon total: | G15: =SUM(G7:G13) -> 105
L21: TIERRA | M21: M | O21: 1632000 | P21: 27.2 | R21: 27.2
L22: TIERRA | M22: M | O22: 2108400 | P22: 35.14 | R22: 35.14
R23: =SUM(R5:R22) -> 150.19

Sheet 12 Ñeembucú
A1: LISTADO DE PUENTES DE ÑEEMBUCU
A2: CODIFICACION DE IDENTIFICACION DEL CAMINO VECINAL DE 2º ORDEN | B2: DESCRIPCION | C2: ORDEN DE PRIORIDAD | D2: IMPORTANCIA | E2: Relevamiento de puentes | I2: DISTRITO
B3: ORIGEN - DESTINO | E3: Largo (m) | F3: Ancho (m) | G3: Tipo | H3: Coordenadas UTM
A6: 12201 | B6: Isla Umbu - Mayor Martinez | C6: 1 | D6: ALTA | E6: 6 | F6: 4 | G6: PM | H6: 21J 379404 7001904 | I6: Desmochados
E7: 6 | F7: 4 | G7: PM | H7: 21J 379616 7002100 | I7: Desmochados
E8: 6 | F8: 4 | G8: PM | H8: 21J 375627 7013247 | I8: Isla Umbú
E9: 6 | F9: 4 | G9: PM | H9: 21J 374338 7014595 | I9: Isla Umbú
B10: Cerrito - Emp. Ruta Villabín - Laureles | E10: 6 | F10: 4 | G10: PM | H10: 21J 438103 6984263 | I10: Cerrito
E11: 6 | F11: 4 | G11: PM | H11: 21J 438987 6983132 | I11: Cerrito
E12: 6 | F12: 4 | G12: PM | H12: 21J 439231 6982423 | I12: Cerrito
E13: 6 | F13: 4 | G13: PM | H13: 21J 439499 6981636 | I13: Cerrito
E14: 6 | F14: 4 | G14: PM | H14: 21J 436880 6978124 | I14: Cerrito
B15: Cerrito - Isla Ro'y | E15: 10 | F15: 4 | G15: PM | H15: 21J 431236 6981647 | I15: Cerrito
E16: 6 | F16: 4 | G16: PM | H16: 21J 428005 6983340 | I16: Cerrito
E17: 6 | F17: 4 | G17: PM | H17: 21J 399478 6990824 | I17: Mayor Martínez
B18: Humaitá - Tuyucué - Loma | E18: 5 | F18: 4 | G18: PM | H18: 21J 355900 6999983 | I18: Humaitá
E19: 5 | F19: 4 | G19: PM | H19: 21J 355398 7001260 | I19: Humaitá
D20: TOTAL | E20: =SUM(E6:E19) -> 86

Sheet 14 Canindeyú
A1: LISTADO DE PUENTES DE CANINDEYU
A2: CODIFICACION DE IDENTIFICACION DEL CAMINO VECINAL DE 2º ORDEN | B2: TIPO DE VIA | C2: DESCRIPCION | D2: PGM | F2: PRIORIDAD | H2: Relevamiento de puentes | P2: LONGUITUD TOTAL (KM) | S2: DISTRITO
C3: ORIGEN - DESTINO | E3: IMPORTANCIA | G3: RANGO | H3: Largo (m) | I3: Ancho (m) | J3: Tipo | K3: Coordenadas UTM | L3: TIPO DE SUPERFICIE POR TRAMO | M3: ESTADO DEL TRAMO | O3: NIVEL DE INTERVENCION (U$S) | R3: LONGUITUD A PROYECTAR (KM)
A4: Codigo | C4: Origen - Destino
A5: 14219 | C5: Villa Ygatimi - Col. 1º de Mayo - Karupera -Yvypyta | F5: 19 | G5: BAJA | H5: 8 | I5: 4 | J5: PM | K5: 21 655021 7310466 | S5: Villa Ygatimi
H6: 8 | I6: 4 | J6: PM | K6: 21 662330 7307598 | S6: Villa Ygatimi
B7: 2° Orden | D7: Mejoramiento y Rehabilitación | H7: 6 | I7: 4 | J7: PM | K7: 21 661992 7309138 | L7: TIERRA | M7: M | O7: 2112000 | P7: 35.2 | R7: 35.2 | S7: Villa Ygatimi
A8: 143059 | C8: 4a Linea Acepar | F8: 3 | G8: ALTA | H8: 12 | I8: 4 | J8: PM | K8: 21 623742 7274316 | S8: Yasy Kañy
H9: 25 | I9: 4 | J9: PM | K9: 21 626025 7273989 | S9: Yasy Kañy
A10: 143058 | C10: 3a Linea Acepar | F10: 12 | G10: ALTA | H10: 9 | I10: 4 | J10: PM | K10: 21 619226 7276800 | S10: Yasy Kañy
H11: 12 | I11: 4 | J11: PM | K11: 21 622340 7276428 | S11: Yasy Kañy
H12: 10 | I12: 4 | J12: PM | K12: 21 623413 7276302 | S12: Yasy Kañy
H13: 12 | I13: 4 | J13: PM | K13: 21 625393 7276016 | S13: Yasy Kañy
A14: 143057 | C14: 2a Linea Acepar | F14: 20 | G14: MEDIA | H14: 7 | I14: 4 | J14: PM | K14: 21 617582 7278987 | S14: Yasy Kañy
H15: 6 | I15: 4 | J15: PM | K15: 21 620097 7278652 | S15: Yasy Kañy
H16: 6 | I16: 4 | J16: PM | K16: 21 622443 7278342 | S16: Yasy Kañy
H17: 6 | I17: 4 | J17: PM | K17: 21 625201 7277969 | S17: Yasy Kañy
A18: 14207 | C18: Empalme Ruta 10 - Colonia Ybypyta - Britez Cue - Ybyrarobana - Empalme Ruta 10 | F18: 3 | G18: ALTA | H18: 10 | I18: 4 | J18: PM | K18: 21 691561 7313915 | S18: Corpus Christi
H19: 18 | I19: 4 | J19: PM | K19: 21 691770 7313851 | S19: Corpus Christi
A20: 14205 | C20: Corpus Christi - Cerro Pyta - Fortuna - Ybyrarobana | F20: 10 | G20: MEDIA | H20: 15 | I20: 5 | J20: PM | K20: 21 703176 7330551 | S20: Ybyrarobana
H21: 13 | I21: 6 | J21: PM | K21: 21 705203 7330795 | S21: Ybyrarobana
A22: 143006 | C22: Agricola Paraguay - Nueva Asunción | F22: 5 | G22: ALTA | H22: 12 | I22: 4 | J22: PM | K22: 21 722998 7298074 | S22: Katueté
A23: 14220 | C23: Villa Ygatimi - Itanara mi - Koe pora - Asent. Primavera - 8 de Diciembre | F23: 21 | G23: BAJA | H23: 10 | I23: 4 | J23: PM | K23: 21632624 7333963 | S23: Villa Ygatimi
H24: 5 | I24: 4 | J24: PM | K24: 21 626023 7339391 | S24: Villa Ygatimi
H25: 5 | I25: 4 | J25: PM | K25: 21 619965 7340264 | S25: Villa Ygatimi
H26: 11 | I26: 4 | J26: PM | K26: 21 619866 7340402 | S26: Villa Ygatimi
H27: 28 | I27: 4 | J27: PM | K27: 21 619833 7340448 | S27: Villa Ygatimi
H28: 6 | I28: 4 | J28: PM | K28: 21 619789 7340527 | S28: Ype Jhu
H29: 6 | I29: 4 | J29: PM | K29: 21 619072 7341418 | S29: Ype Jhu
H30: 6 | I30: 4 | J30: PM | K30: 21 617046 7343001 | S30: Ype Jhu
G31: lon total: | H31: =SUM(H5:H30) -> 272
